<?xml version="1.0" encoding="UTF-8"?>
<component xmlns="http://www.opensource-socialnetwork.org/v/3.0">
    <name>Greetings</name>
    <id>Greetings</id>
    <author>Core Team</author>
    <description>Greet users based on morning, day, evening, night.</description>
    <license>Open Source Social Network License (OSSN LICENSE)</license>
    <author_url>http://www.opensource-socialnetwork.org</author_url>
    <license_url>http://www.opensource-socialnetwork.org/licence/</license_url>
    <version>1.0</version>
	<requires>
		<type>ossn_version</type>
		<version>5.0</version>
	</requires>
	<requires>
		<type>ossn_component</type>
		<name>TimeZone</name>
		<version>1.0</version>
	</requires>		
</component>