<?xml version="1.0" encoding="UTF-8"?>
<component xmlns="http://www.opensource-socialnetwork.org/v/3.0">
    <name>ExtendAPI</name>
    <id>ExtendAPI</id>
    <author>Core Team</author>
    <description>A templates module for Babar Bahi.</description>
    <license>OPEN SOURCE SOCIAL NETWORK LICENSE (OSSN LICENSE)</license>
    <author_url>http://www.arsalanshah.com/</author_url>
    <license_url>https://www.opensource-socialnetwork.org/license</license_url>
    <version>1.0</version>
	<requires>
		<type>ossn_version</type>
		<version>4.6</version>
	</requires>
</component>
