<?xml version="1.0" encoding="UTF-8"?>
<component xmlns="http://www.opensource-socialnetwork.org/v/3.0">
    <name>Web Services for your webstie</name>
    <id>OssnServices</id>
    <author>Core Team</author>
    <description>Allow you to connect your OSSN website to your application.</description>
    <license>Open Source Social Network License (OSSN LICENSE) v3.0</license>
    <author_url>https://www.softlab24.com/</author_url>
    <license_url>http://www.opensource-socialnetwork.org/licence</license_url>
    <version>6.0</version>
	<requires>
		<type>ossn_version</type>
		<version>5.1</version>
	</requires>
</component>