<?xml version="1.0" encoding="UTF-8"?>
<component xmlns="http://www.opensource-socialnetwork.org/v/3.0">
    <name>GifSupport</name>
    <id>GifSupport</id>
    <author>Core Team</author>
    <description>Allow members to upload animated gif images to your website.</description>
    <license>Open Source Social Network License (OSSN LICENSE)</license>
    <author_url>https://opensource-socialnetwork.org/</author_url>
    <license_url>https://opensource-socialnetwork.org/licence/</license_url>
    <version>1.0</version>
	<requires>
		<type>ossn_version</type>
		<version>5.1</version>
	</requires>

</component>
